{
  "rf_regression": {
    "rmse": 0.0068441410535569226,
    "mae": 0.005471271294001251,
    "r2": -0.015041288470774683
  },
  "xgb_regression": {
    "rmse": 0.006910570685690173,
    "mae": 0.00550959158610172,
    "r2": -0.03484101290348263
  },
  "risk_classification": {
    "accuracy": 0.3329985390796202,
    "confusion_matrix": [
      [
        1056,
        1121,
        1482
      ],
      [
        1115,
        1155,
        1486
      ],
      [
        1087,
        1014,
        1436
      ]
    ]
  }
}