{
  "regression": {
    "r2": 0.16346520810031095,
    "mae": 0.22990026987948603
  },
  "classification": {
    "accuracy": 0.4099692974534947,
    "precision": 0.43220364734073136,
    "recall": 0.4099692974534947,
    "f1": 0.33687352375216134,
    "confusion_matrix": [
      [
        3163,
        109,
        419
      ],
      [
        2869,
        166,
        657
      ],
      [
        2328,
        152,
        1211
      ]
    ]
  }
}