{
  "timestamp": "20260201_012044",
  "metrics": {
    "r2": 0.1084072225225875,
    "rmse": 0.4087995009833592,
    "mae": 0.11211669675312316
  },
  "n_samples": 11074
}