{
  "timestamp": "20260201_012025",
  "regression": {
    "best_model": "ensemble",
    "rf_r2": 0.005686252943187364,
    "rf_rmse": 0.5941967489038626,
    "gb_r2": 0.0045921723210310406,
    "gb_rmse": 0.5945235674844481,
    "ensemble_r2": 0.24160752637663419,
    "ensemble_rmse": 0.518938098940475,
    "improvement_vs_baseline": 25.66075263766342
  },
  "classification": {
    "accuracy": 0.7955571609174643,
    "f1": 0.7961169412845975,
    "confusion_matrix": [
      [
        3247,
        565,
        519
      ],
      [
        294,
        2135,
        318
      ],
      [
        220,
        348,
        3428
      ]
    ],
    "improvement_vs_baseline": 46.25571609174643
  },
  "feature_selection": {
    "n_selected": 15,
    "original_features": 203
  }
}