{
  "timestamp": "20260128_170424",
  "models": {
    "Random Forest Regression": {
      "train": {
        "RMSE": 0.006482064766289094,
        "MAE": 0.005194709192379509,
        "R2": 0.11295983632297402,
        "MAPE": 36.15349923149947
      },
      "validation": {
        "RMSE": 0.007265653776371474,
        "MAE": 0.005780159502491769,
        "R2": -0.004913836527367321,
        "MAPE": 38.77273944178906
      },
      "test": {
        "RMSE": 0.0068441410535569226,
        "MAE": 0.00547127129400125,
        "R2": -0.015041288470774461,
        "MAPE": 37.40048408791693
      }
    },
    "XGBoost Regression": {
      "train": {
        "RMSE": 0.006469100269760353,
        "MAE": 0.005181276725412879,
        "R2": 0.1165045490595451,
        "MAPE": 36.04324396309056
      },
      "validation": {
        "RMSE": 0.00732458629264109,
        "MAE": 0.005836000917301057,
        "R2": -0.021281883047560513,
        "MAPE": 39.38187243486142
      },
      "test": {
        "RMSE": 0.006910570685690173,
        "MAE": 0.005509591586101719,
        "R2": -0.034841012903482405,
        "MAPE": 37.26664424347113
      }
    },
    "Random Forest Classification": {
      "train_accuracy": 0.6412037489972019,
      "validation_accuracy": 0.33841658296046023,
      "test_accuracy": 0.3329985390796202
    }
  },
  "data_info": {
    "total_samples": 73010,
    "train_samples": 51107,
    "val_samples": 10951,
    "test_samples": 10952,
    "num_features": 26,
    "num_stocks": 98
  }
}